<?xml version="1.0" encoding="UTF-8"?>
<rss version="2.0" xmlns:atom="http://www.w3.org/2005/Atom">
    <channel>
        <title></title>
        <description>Intended as a documentation theme based on Jekyll for technical writers documenting software and other technical products, this theme has all the elements you would need to handle multiple products with both multi-level sidebar navigation, tags, and other documentation features.</description>
        <link>https://pmd.github.io/pmd/</link>
        <atom:link href="https://pmd.github.io/pmd/feed.xml" rel="self" type="application/rss+xml"/>
        <pubDate>Fri, 16 Apr 2021 09:01:53 +0000</pubDate>
        <lastBuildDate>Fri, 16 Apr 2021 09:01:53 +0000</lastBuildDate>
        <generator>Jekyll v3.9.0</generator>
        
    </channel>
</rss>
